IMAGES NAME,IMAGES URL
banner,https://media-dmg.assets-cdk.com/websites/content/gmps-carbone//4bae031475d04a0597f0e65e01841989.jpg
offer bg,https://media-dmg.assets-cdk.com/websites/content/gmps-carbone//0396c8f6f470451090b91152975d4e36.png
offer car,https://media-dmg.assets-cdk.com/websites/content/gmps-carbone//d2ed211b69974f3b92374ebb8f1a4f9f.png
design,https://media-dmg.assets-cdk.com/websites/content/gmps-carbone//2a4814d6dd2d4aa6b24dd577e7a8d7f6.jpg
go alll in,https://media-dmg.assets-cdk.com/websites/content/gmps-carbone//568abb0c1b5e42c49d4ce2905fca416f.png
always bet on black,https://media-dmg.assets-cdk.com/websites/content/gmps-carbone//2014aeef07bf4eabac8c68ae453e5ff9.png
be bold,https://media-dmg.assets-cdk.com/websites/content/gmps-carbone//8a8aaa26d40d4d8d801dac9fad1416a4.png
equinox iamge 1,https://media-dmg.assets-cdk.com/websites/content/gmps-carbone//7b90328349934e55a9315d5020192ddc.jpg
safety,https://media-dmg.assets-cdk.com/websites/content/gmps-carbone//ce15c210272a47edaef98e0d2db0d853.jpg
automatic emergency,https://media-dmg.assets-cdk.com/websites/content/gmps-carbone//e44e4375d3ea440e88945434c71e836a.png
forward colliosion,https://media-dmg.assets-cdk.com/websites/content/gmps-carbone//46d94dfb29c94523992b648f04f04619.png
front pedistrian,https://media-dmg.assets-cdk.com/websites/content/gmps-carbone//1460290c0e9c491bb6586065262d1c0c.png
lane keeo warning,https://media-dmg.assets-cdk.com/websites/content/gmps-carbone//9c62ffcb01d6488cbf3b93b4e249964c.png
standard intellingent,https://media-dmg.assets-cdk.com/websites/content/gmps-carbone//ac1926737c804af5b9f11172d2139f12.png
standard fllowing distance,https://media-dmg.assets-cdk.com/websites/content/gmps-carbone//a2b5a5a5f2c043c5b0744d8179b5d1f6.png
rear vision camera,https://media-dmg.assets-cdk.com/websites/content/gmps-carbone//ab178081f13242118b643643fac576ac.png
adaptive cruise control,https://media-dmg.assets-cdk.com/websites/content/gmps-carbone//4e3264dc19cb49fbbf94885b7ea52c87.png
rear cross traffic alert,https://media-dmg.assets-cdk.com/websites/content/gmps-carbone//91f7330125604b249b310a49fcd3eb94.png
rear park assist,https://media-dmg.assets-cdk.com/websites/content/gmps-carbone//161ac85a521546aa938b6542b17c3b43.png
lane chage alert_,https://media-dmg.assets-cdk.com/websites/content/gmps-carbone//397d82779174461d93d56792990de024.png
available on start,https://media-dmg.assets-cdk.com/websites/content/gmps-carbone//1cd87305200440f3ab494c07e1118666.png
available high definition surround,https://media-dmg.assets-cdk.com/websites/content/gmps-carbone//60b9d2f9172449ddb4ad1cc9d4ebc298.png
avialble safety alert seat,https://media-dmg.assets-cdk.com/websites/content/gmps-carbone//090b6cef39bf45bfa36d2a941140abd5.png
equinox iamge 2,https://media-dmg.assets-cdk.com/websites/content/gmps-carbone//830d868f78994a35be9134035a2af057.jpg
performance,https://media-dmg.assets-cdk.com/websites/content/gmps-carbone//4501d59aab89408383bdb5b30ac2628c.jpg
1.6 l turbo engine,https://media-dmg.assets-cdk.com/websites/content/gmps-carbone//632172878f4a42769ec2713591e83d48.png
2.0 l turbo engine_,https://media-dmg.assets-cdk.com/websites/content/gmps-carbone//cd214650f74a4ee2ab80080cd5846d8e.png
switch all wheel drive,https://media-dmg.assets-cdk.com/websites/content/gmps-carbone//a12e1398e5e64c1297457cf98d86f73d.png
equinox iamge 3,https://media-dmg.assets-cdk.com/websites/content/gmps-carbone//bba392bfaa8c48478c1d5431ac047324.jpg
technology,https://media-dmg.assets-cdk.com/websites/content/gmps-carbone//f254285d38a040d9b467b3fa6e4929fc.jpg
key feature,https://media-dmg.assets-cdk.com/websites/content/gmps-carbone//6b5c795dff4e4a1d820681391d1cd790.png
rear seat reminder,https://media-dmg.assets-cdk.com/websites/content/gmps-carbone//343d09ef548d4b7784ca3d5e69cf67ea.png
teen driver technology,https://media-dmg.assets-cdk.com/websites/content/gmps-carbone//aa1e58e4b6fa42e9bbdc7bce0a5d2285.png
equinox iamge 4,https://media-dmg.assets-cdk.com/websites/content/gmps-carbone//da5c819c76df45739677f3dc60773697.jpg
equinox iamge 5,https://media-dmg.assets-cdk.com/websites/content/gmps-carbone//e8b64544fb054da3a0f1de2f8d89213e.jpg
dimension,https://media-dmg.assets-cdk.com/websites/content/gmps-carbone//d8a1584c521a4828aa20e6ec5e3e0eb2.jpg
L,https://media-dmg.assets-cdk.com/websites/content/gmps-carbone//3d51ffcdb9c64405b33b97d55d9da395.png
LS,https://media-dmg.assets-cdk.com/websites/content/gmps-carbone//0d64ebca6abf47788f2542279b631f0a.png
LT,https://media-dmg.assets-cdk.com/websites/content/gmps-carbone//26f878038aad4c76a3824e1f449d32fb.png
PREMIER,https://media-dmg.assets-cdk.com/websites/content/gmps-carbone//27369e7a62814c5b82db4289c2f9becd.png
Carbone_Chevy_Equinox_2020_View-Inventory,https://media-dmg.assets-cdk.com/websites/content/gmps-carbone//a132fa7de24742fa9aa12913acb19f69.gif
Carbone_Chevy_Equinox_2020_Get-a-quote,https://media-dmg.assets-cdk.com/websites/content/gmps-carbone//aedf52a26b9b4c28b31796251377f4da.gif